,link,title,newspaper,category,pred_label
0,https://abcnews.go.com/Sports/baylor-bears-rebuilding-effort-progresses-final-1950/story?id=76763800,baylor bears rebuilding effort progresses first final four since,abc,4,2
1,https://abcnews.go.com/Sports/timberwolves-karl-anthony-towns-reflects-emotional-night-father/story?id=76762686,timberwolves karlanthony towns reflects emotional night father attends first game since jackie cruztowns death,abc,4,1
2,https://abcnews.go.com/Sports/dustin-david-price-grabs-starter-role-los-angeles/story?id=76762384,dustin may david price grabs fifth starter role los angeles dodgers prepare defend title,abc,4,2
3,https://abcnews.go.com/Sports/baylor-calls-foul-call-end-elite-loss-uconn/story?id=76762078,baylor calls foul noncall end elite eight loss uconn,abc,4,1
4,https://abcnews.go.com/Sports/kim-mulkey-baylor-lady-bears-ncaa-covid-19/story?id=76761673,kim mulkey baylor lady bears says ncaa away testing final fourrafael stone stockpile picks,abc,4,2
5,https://abcnews.go.com/Sports/rafael-stone-stockpile-picks-young-core-houston-rockets/story?id=76759561,young core keep houston rockets go wholesale tank mode,abc,4,2
6,https://abcnews.go.com/Sports/andre-drummond-hunger-excitement-make-debut-los-angeles/story?id=76758414,andre drummond hunger excitement make debut los angeles lakers long last,abc,4,2
7,https://abcnews.go.com/Sports/los-angeles-lakers-jeanie-buss-watching-brooklyn-nets/story?id=76758345,los angeles lakers jeanie buss watching brooklyn nets moves bring,abc,4,4
8,https://abcnews.go.com/Sports/mlb-draft-pick-mark-appel-heads-minor-league/story?id=76758307,former mlb draft pick mark appel heads minor league camp philadelphia phillies pursuit comeback,abc,4,2
9,https://abcnews.go.com/Sports/niners-left-altar-staying-12-jimmy-garoppolo-best/story?id=76757597,niners didnt want get left altar staying believe jimmy garoppolo gives best chance,abc,4,2
10,https://abcnews.go.com/Sports/texas-rangers-moving-rougned-odor-jose-leclerc-tommy/story?id=76757209,texas rangers moving rougned odor jose leclerc tommy john surgery,abc,4,2
11,https://abcnews.go.com/Sports/sources-milwaukee-bucks-picking-reserve-guard-jeff-teague/story?id=76756575,sources milwaukee bucks picking reserve guard jeff teague,abc,4,4
12,https://abcnews.go.com/Sports/nba-sets-july-29-draft-determining-schedule-accompanying/story?id=76756077,nba sets july draft also determining schedule accompanying combine lottery,abc,4,2
13,https://abcnews.go.com/Sports/mlb-protocols-include-relaxed-covid-19-restrictions-vaccinated/story?id=76752159,new mlb protocols include relaxed restrictions vaccinated players staff,abc,4,2
14,https://abcnews.go.com/Sports/anthony-rizzo-ending-contract-talks-chicago-cubs-focus/story?id=76751997,anthony rizzo ending contract talks chicago cubs focus season,abc,4,2
15,"https://abcnews.go.com/Sports/south-carolinas-dawn-staley-texas-vic-schaefer-renew/story?id=76751866,",south carolinas dawn staley texas vic schaefer renew old rivalry ncaa womens hoops tourney,abc,4,4
16,"https://abcnews.go.com/Sports/blake-griffin-joining-brooklyn-nets-changed-public-perceives/story?id=76751865,",blake griffin says joining brooklyn nets changed public perceives,abc,4,2
17,https://abcnews.go.com/Sports/qb-trevor-lawrence-direction-jacksonville-jaguars-headed-pick/story?id=76751447,qb trevor lawrence direction jacksonville jaguars headed pick nfl draft says urban meyer,abc,4,3
18,https://abcnews.go.com/Sports/qb-trevor-lawrence-direction-jacksonville-jaguars-headed-pick/story?id=76751318,qb trevor lawrence direction jacksonville jaguars headed pick says urban meyer,abc,4,3
19,https://abcnews.go.com/Sports/york-mets-pete-alonso-issue-nft-aid-minor/story?id=76750048,new york mets pete alonso issue nft aid minor leaguers,abc,4,2
20,"https://abcnews.go.com/Sports/lawsuit-accuses-deshaun-watson-deleting-instagram-messages-contacting/story?id=76750047,",lawsuit accuses deshaun watson deleting instagram messages contacting women attempt settle cases,abc,4,2
21,https://abcnews.go.com/Sports/lawsuit-accuses-deshaun-watson-deleting-instagram-messages-contacting/story?id=76749828,lawsuit accuses deshaun watson deleting instagram messages contacting accusers attempt settle cases,abc,4,2
22,https://abcnews.go.com/Sports/nbas-basketball-africa-league-debut-16-rwanda/story?id=76749169,nbas basketball africa league debut may rwanda,abc,4,2
23,https://abcnews.go.com/Sports/sources-dustin-poirier-conor-mcgregor-iii-finalized-ufc/story?id=76748465,sources dustin poirierconor mcgregor finalized soon ufc july,abc,4,2
24,https://abcnews.go.com/Sports/st-louis-cardinals-3b-nolan-arenado-ive-moved/story?id=76747638,st louis cardinals nolan arenado says ive moved traded colorado rockies,abc,4,2
25,https://abcnews.go.com/Sports/st-louis-cardinals-3b-nolan-arenado-ive-moved/story?id=76747522,st louis cardinals nolan arenado says ive moved traded colorado rockies,abc,4,2
26,https://abcnews.go.com/Sports/frank-vogel-los-angeles-lakers-lot-addition-andre/story?id=76743235,frank vogel says los angeles lakers got lot better addition andre drummond,abc,4,2
27,https://abcnews.go.com/Sports/aaron-gordon-debuts-denver-nuggets-sees-limits-teams/story?id=76742864,aaron gordon debuts denver nuggets sees limits teams potential,abc,4,1
28,https://abcnews.go.com/Sports/dominant-overtime-helps-ucla-secure-spot-elite-ncaa/story?id=76741918,dominant overtime helps ucla secure spot elite eight ncaa mens basketball tournament,abc,4,1
29,https://abcnews.go.com/Sports/florida-panthers-aaron-ekblad-off-ice-stretcher-leg/story?id=76740493,florida panthers aaron ekblad taken ice stretcher leg injury,abc,4,4
30,https://abcnews.go.com/Sports/sources-trevor-lawrence-attend-nfl-draft-cleveland-watch/story?id=767392599,sources trevor lawrence wont attend nfl draft cleveland watch clemson instead,abc,4,1
31,https://abcnews.go.com/Sports/indiana-mens-basketball-hires-mike-woodson-deal-years/story?id=76738174,indiana mens basketball hires mike woodson deal six years sources say,abc,4,4
32,https://abcnews.go.com/Sports/deal-mike-woodson-indiana-years-sources-hoosiers-finally/story?id=76738173,deal mike woodson indiana six years sources say hoosiers finally announce next mens basketball coach,abc,4,4
33,https://abcnews.go.com/Sports/deal-mike-woodson-indiana-years-sources-hoosiers-finally/story?id=76737896,deal mike woodson indiana six years sources say hoosiers finally find next mens basketball coach,abc,4,4
34,https://abcnews.go.com/Sports/orleans-saints-alvin-kamara-players-displeased-17-game/story?id=76737895,new orleans saints alvin kamara among players displeased likely nfl schedule,abc,4,3
35,https://abcnews.go.com/Sports/deal-mike-woodson-indiana-appears-imminent-sources-hoosiers/story?id=76737257,deal mike woodson indiana appears imminent sources say hoosiers hone next mens basketball coach,abc,4,4
36,"https://abcnews.go.com/Sports/sources-randy-dobnak-minnesota-twins-agree-year-925m/story?id=76737119,",sources randy dobnak minnesota twins agree extension includes club options,abc,4,1
37,https://abcnews.go.com/Sports/oklahoma-city-thunder-waive-recently-acquired-austin-rivers/story?id=767362722,oklahoma city thunder waive recently acquired austin rivers,abc,4,2
38,https://abcnews.go.com/Sports/andre-drummond-plans-sign-los-angeles-lakers-agent/story?id=76736168,andre drummond plans sign los angeles lakers agent says,abc,4,2
39,https://abcnews.go.com/Sports/naomi-osaka-makes-4th-round-miami-1st-time/story?id=76735811,naomi osaka makes round miami time walkover,abc,4,4
40,https://abcnews.go.com/Sports/nascar-moves-bristol-dirt-race-monday-due-heavy/story?id=76735810,nascar moves bristol dirt race monday due heavy rains flood warning,abc,4,4
41,https://abcnews.go.com/Sports/orleans-pelicans-zion-williamson-unusual-force-dallas-mavericks/story?id=76732115,new orleans pelicans zion williamson unusual force dallas mavericks coach rick carlisle says,abc,4,0
42,https://abcnews.go.com/Sports/orleans-pelicans-zion-williamson-unusual-force-mavs-rick/story?id=767320488,new orleans pelicans zion williamson unusual force mavs rick carlisle says,abc,4,0
43,https://abcnews.go.com/Sports/francis-ngannou-wins-ufc-heavyweight-title-ready-time/story?id=76731877,francis ngannou wins ufc heavyweight title ready time jon jones,abc,4,1
44,https://abcnews.go.com/Sports/doc-rivers-west-prediction-afar-lakers-clippers-teams/story?id=76731370,doc rivers gives west prediction afar says lakers clippers still teams beat,abc,4,2
45,https://abcnews.go.com/Sports/doc-rivers-west-prediction-afar-lakers-clippers-teams/story?id=76731171,doc rivers gives west prediction afar says lakers clippers still teams beat,abc,4,2
46,"https://abcnews.go.com/Sports/balanced-effort-helps-indiana-knock-off-nc-state/story?id=76730038,",balanced effort helps indiana knock nc state securing first berth womens basketball tournament elite eight,abc,4,3
47,https://abcnews.go.com/Sports/newly-acquired-boston-celtics-guard-evan-fournier-health/story?id=76729402,newly acquired boston celtics guard evan fournier placed health safety protocols,abc,4,0
48,https://abcnews.go.com/Sports/balanced-effort-helps-indiana-knock-off-nc-state/story?id=76729334,balanced effort helps indiana knock nc state securing first berth womens basketball elite eight,abc,4,3
49,https://abcnews.go.com/Sports/dillian-whyte-knocks-alexander-povetkin-win-wbc-interim/story?id=76728683,dillian whyte knocks alexander povetkin win wbc interim heavyweight belt,abc,4,1
50,https://abcnews.go.com/Politics/accused-drug-trafficking-honduran-president-critical-challenge-bidens/story?id=766787299,accused drug trial honduran president challenge bidens migration plans,abc,3,1
51,https://abcnews.go.com/Politics/doom-fears-bring-grim-reminders-covid-realities-note/story?id=76751707,doom fears bring grim reminders covid realities note,abc,3,1
52,https://abcnews.go.com/Politics/targeted-violence-schools-preventable-secret-service-report/story?id=76755511,targeted violence schools preventable secret service reportvoters saved biden campaign rate early presidency,abc,3,4
53,https://abcnews.go.com/Politics/make-america-greater-voters-saved-biden-campaign-rate/story?id=76396185,make america become greater,abc,3,1
54,https://abcnews.go.com/Politics/york-city-moves-end-qualified-immunity-making-1st/story?id=76752098,new york city moves end qualified immunity making city us sobiden calls mask mandates,abc,3,0
55,https://abcnews.go.com/Politics/cdc-director-feels-sense-impending-doom-covid-19/story?id=76750417,cdc director fears impending doom covid surge,abc,3,2
56,https://abcnews.go.com/Politics/cdc-extends-eviction-moratorium-late-june/story?id=76751761,cdc extends eviction moratorium late june,abc,3,3
57,https://abcnews.go.com/Politics/voting-rights-clashes-threaten-derail-biden-agenda-note/story?id=767348933,votingrights clashes threaten derail biden agenda note,abc,3,1
58,https://abcnews.go.com/Politics/bipartisanship-key-successful-voting-reform-gop-sen-dan/story?id=76725701,bipartisanship key successful voting reform gop sen dan sullivan,abc,3,1
59,https://abcnews.go.com/Politics/kate-bedingfield-calls-migrant-surge-cyclical-issue/story?id=76725635,kate bedingfield calls migrant surge cyclical issue,abc,3,0
60,https://abcnews.go.com/Politics/week-transcript-28-21-white-house-communications-director/story?id=76732573,week transcript kate bedingfield sen dan sullivan,abc,3,1
61,https://abcnews.go.com/Politics/biden-receives-high-marks-covid-19-lags-immigration/story?id=76722985,biden receives high marks lags immigration guns poll,abc,3,1
62,https://abcnews.go.com/Politics/georgia-lawmaker-shaken-resolved-arrest-election-bill-signing/story?id=76725949,georgia lawmaker shaken resolved following arrest election bill signing,abc,3,3
63,https://abcnews.go.com/Politics/patrolling-rio-grande-migrant-crossings-reporters-notebook/story?id=76725190,patrolling rio grande migrant crossings reporters notebook,abc,3,4
64,https://abcnews.go.com/Politics/georgias-election-law-marks-1st-battle-voting-rights/story?id=76701964,georgias new election law marks battle voting rights war,abc,3,3
65,https://abcnews.go.com/Politics/biden-takes-long-view-matter-timing-presidency-agenda/story?id=76704106,biden takes long view matter timing says presidency agenda,abc,3,1
66,https://abcnews.go.com/Politics/white-house-communications-director-kate-bedingfield-sen-dan/story?id=76722265,kate bedingfield dan sullivan sunday week coanchor jonathan karl,abc,3,0
67,https://abcnews.go.com/Politics/californians-recall-gov-gavin-newsom-process-work/story?id=76677007,californians trying remove gov gavin newsom recall works,abc,3,4
68,https://abcnews.go.com/Politics/homeland-security-secretary-alejandro-mayorkas-fires-member-homeland/story?id=76715980,homeland security chief fires almost every member advisory council,abc,3,0
69,https://abcnews.go.com/Politics/us-airlines-bet-pent-demand-mass-vaccinations-rebuilding/story?id=76705715,along southern border gop senators reporters notebookwhich destinations us airlines betting summer,abc,3,4
70,https://abcnews.go.com/Politics/video/georgia-governor-signs-state-elections-law-76713161,georgia governor signs new state elections law,abc,3,3
71,https://abcnews.go.com/Politics/biden-calls-gop-passed-georgia-law-restricting-voting/story?id=767082288,biden calls new goppassed georgia law restricting voting access atrocity,abc,3,3
72,https://abcnews.go.com/Politics/jj-surge-11m-vaccine-doses-cdc-director-deeply/story?id=76705319,jj send vaccine dosescdc deeply concerned possible surge,abc,3,2
73,https://abcnews.go.com/Politics/trump-claims-capitol-rioters-posed-threat-persecuted/story?id=76702608,trump claims capitol rioters posed zero threat says persecuted,abc,3,1
74,https://abcnews.go.com/Politics/power-highlights-challenges-biden-note/story?id=76681949,power highlights challenges biden note,abc,3,1
75,https://abcnews.go.com/Politics/biden-faces-questioning-largely-avoids-major-headlines/story?id=76685317,biden faces thorough questioning largely avoids major headlines,abc,3,1
76,https://abcnews.go.com/Politics/video/supreme-court-rules-police-force-76692800,supreme court rules police use force,abc,3,2
77,https://abcnews.go.com/Politics/kemp-sign-sweeping-elections-bill-passed-georgia-legislature/story?id=76677927,kemp signs sweeping elections bill passed ga legislature heres whats,abc,3,3
78,https://abcnews.go.com/Politics/scared-hungry-young-boys-cross-border/story?id=76633536,scared hungry young boys cross border alone,abc,3,4
79,https://abcnews.go.com/Politics/us-troops-afghanistan-year-biden-tough-deadline/story?id=76684274,us troops afghanistan next year says biden may deadline,abc,3,1
80,https://abcnews.go.com/Politics/biden-holds-1st-formal-news-conference-faces-questions/story?id=76661623,biden holds formal news conference faces questions agenda migrant surge,abc,3,1
81,https://abcnews.go.com/Politics/change-paradigm-biden-takes-expansive-view-powers-analysis/story?id=76685384,change paradigm biden takes expansive view powers analysis,abc,3,1
82,https://abcnews.go.com/Politics/trump-boost-administration-officials-2022-midterms/story?id=76679607,trump looks boost former administration officials midterms,abc,3,4
83,https://abcnews.go.com/Politics/video/key-moments-bidens-1st-presidential-press-conference-76685471,key moments bidens presidential press conference,abc,3,1
84,https://abcnews.go.com/Politics/cuomos-family-special-access-covid-19-tests-early/story?id=76675407,cuomo family special access tests early days pandemic reports,abc,3,0
85,https://abcnews.go.com/Politics/supreme-court-police-shootings-momentary-seizures-4th-amendment/story?id=76678756,supreme court says police shootings momentary seizures amendment,abc,3,2
86,https://abcnews.go.com/Politics/video/senate-dems-move-forward-voting-rights-bill-76673156,senate dems move forward voting rights bill,abc,3,1
87,https://abcnews.go.com/Politics/biden-faces-press-early-pivot-point-presidency-note/story?id=76658224,biden faces press early pivot point presidency note,abc,3,1
88,https://abcnews.go.com/Politics/consoler-chief-presidents-response-mass-shooting-defining-moment/story?id=76654748,consoler chief presidents response mass shooting defining moment,abc,3,2
89,https://abcnews.go.com/Politics/video/numbers-bostons-1st-black-1st-female-mayor-76665424,numbers bostons black female mayor,abc,3,2
90,https://abcnews.go.com/Politics/pentagon-panel-sexual-assault-military/story?id=76662905,new pentagon panel take sexual assault military,abc,3,2
91,https://abcnews.go.com/Politics/biden-administration-access-border-facility-capacity/story?id=76662203,biden administration allows access border facility ones capacity,abc,3,4
92,https://abcnews.go.com/Politics/rachel-levine-confirmed-senate-highest-ranking-openly-transgender/story?id=76653829,rachel levine makes history transgender person confirmed senate,abc,3,2
93,https://abcnews.go.com/Politics/senate-democrats-move-forward-voting-rights-bill-republican/story?id=76653784,senate democrats move forward voting rights bill despite republican opposition,abc,3,1
94,https://abcnews.go.com/Politics/missing-person-case-leads-authorities-thwart-potential-mass/story?id=76659224,missing person case leads authorities thwart potential mass casualty incident,abc,3,2
95,https://abcnews.go.com/Politics/fema-reimburse-families-years-covid-related-funeral-expenses/story?id=76658708,fema reimburse families last years covidrelated funeral expenses,abc,3,1
96,https://abcnews.go.com/Politics/biden-taps-harris-stem-migration-flow-central-america/story?id=76657373,biden taps harris stem migration flow central america,abc,3,1
97,https://abcnews.go.com/Politics/trump-pulled-wool-off-everyones-eyes-racism-cnns/story?id=76654747,trump pulled wool everyones eyes racism cnns lemon,abc,3,2
98,https://abcnews.go.com/Politics/kim-janey-sworn-1st-black-1st-woman-mayor/story?id=76650043,history made boston black woman becomes mayor,abc,3,2
99,https://abcnews.go.com/Business/wireStory/asian-shares-rise-amid-mixed-market-signs-76763801,world shares advance us bond yields press higher,abc,0,0
100,https://abcnews.go.com/Business/spacs-craze-economists/story?id=76747045,know spacs craze concerning economists,abc,0,3
101,https://abcnews.go.com/Business/wireStory/world-leaders-call-international-pandemic-treaty-767642311,world leaders call pandemic treaty short details,abc,0,0
102,https://abcnews.go.com/Business/wireStory/turkey-reinstates-restrictions-sharp-virus-cases-rise-767639411,turkey reinstates restrictions sharp virus cases rise,abc,0,3
103,https://abcnews.go.com/Business/wireStory/german-industrial-union-employers-reach-pay-agreement-767638711,german industrial union employers reach pay agreement,abc,0,2
104,https://abcnews.go.com/Business/wireStory/spanish-resorts-languish-madrid-hosts-europes-parties-767637988,spanish resorts languish madrid hosts europes parties,abc,0,2
105,https://abcnews.go.com/Business/wireStory/stepping-myanmar-coup-penalties-us-suspends-trade-deal-76762182,stepping myanmar coup penalties,abc,0,2
106,https://abcnews.go.com/Business/wireStory/asian-stocks-mixed-amid-vaccine-stimulus-optimism-76743236,us suspends trade dealasian shares mixed wall st fall mixed market signs,abc,0,2
107,https://abcnews.go.com/Business/wireStory/biden-infrastructure-package-approved-summer-76758548,biden wants infrastructure package approved summer,abc,0,1
108,https://abcnews.go.com/Business/wireStory/mexico-sues-us-proposed-nuclear-waste-storage-plans-76752491,new mexico sues us proposed nuclear waste storage plans,abc,0,3
109,https://abcnews.go.com/Business/wireStory/amazon-faces-biggest-union-push-history-76757854,amazon faces biggest union push history,abc,0,2
110,https://abcnews.go.com/Business/wireStory/report-covid-1st-jumped-humans-animals-76751309,report covid likely jumped humans animals,abc,0,4
111,https://abcnews.go.com/Business/wireStory/ap-source-vw-plans-brand-change-voltswagen-us-76756256,ap source vw plans brandname change voltswagen us,abc,0,1
112,https://abcnews.go.com/Business/wireStory/southwest-airlines-orders-100-boeing-737-max-planes-76750418,southwest airlines orders boeing max planes,abc,0,4
113,https://abcnews.go.com/Business/wireStory/major-us-stock-indexes-fared-monday-76754851,major us stock indexes fared monday,abc,0,2
114,https://abcnews.go.com/Business/wireStory/credit-suisse-peoples-bancorp-fall-boeing-bluebird-rise-76754848,credit suisse peoples bancorp fall boeing bluebird rise,abc,0,3
115,https://abcnews.go.com/Business/wireStory/closing-prices-crude-oil-gold-commodities-76754072,closing prices crude oil gold commodities,abc,0,2
116,https://abcnews.go.com/Business/wireStory/rebels-leave-beheaded-bodies-streets-mozambique-town-76753144,rebels leave beheaded bodies streets mozambique town,abc,0,2
117,https://abcnews.go.com/Business/wireStory/latest-portugal-tightens-covid-19-flight-restrictions-76744273,latest spain encourages safety measures amid holy week,abc,0,2
118,https://abcnews.go.com/Business/wireStory/container-ship-stuck-suez-canal-partially-refloated-76742224,ship partially refloated still stuck suez canal,abc,0,0
119,https://abcnews.go.com/Business/wireStory/economist-pulled-albania-1997-anarchy-dead-58-76750891,economist pulled albania anarchy dead,abc,0,2
120,https://abcnews.go.com/Business/wireStory/houghton-mifflin-shedding-consumer-books-349-million-76746986,news corp buys houghton mifflin harcourt books division,abc,0,2
121,https://abcnews.go.com/Business/wireStory/suez-canal-blockage-adds-pressure-points-global-trade-76742659,suez canal blockage adds pressure points global trade,abc,0,0
122,https://abcnews.go.com/Business/wireStory/spain-targets-africa-boost-diplomatic-business-ties-76749560,spain targets africa boost diplomatic business ties,abc,0,2
123,https://abcnews.go.com/Business/wireStory/key-bridging-political-divide-sit-talk-76749297,key bridging political divide sit talk,abc,0,2
124,https://abcnews.go.com/Business/wireStory/uk-agency-vaccination-rates-lowest-older-black-people-76749102,uk agency vaccination rates lowest among older black people,abc,0,2
125,https://abcnews.go.com/Business/wireStory/paris-court-convicts-fines-pharma-firm-deadly-diet-76745444,paris court convicts fines pharma firm deadly diet pill,abc,0,2
126,https://abcnews.go.com/Business/wireStory/happy-monday-england-embarks-major-easing-lockdown-76744308,happy monday england embarks major easing lockdown,abc,0,2
127,https://abcnews.go.com/Business/wireStory/explainer-amazon-union-vote-76748068,explainer know amazon union vote,abc,0,1
128,https://abcnews.go.com/Business/wireStory/merkel-faults-german-perfectionism-current-virus-woes-76744351,merkel faults german perfectionism current virus woes,abc,0,3
129,https://abcnews.go.com/Business/wireStory/german-government-buys-stake-defense-supplier-hensoldt-76744948,german government buys stake defense supplier hensoldt,abc,0,2
130,https://abcnews.go.com/Business/wireStory/credit-suisse-faces-loss-hedge-fund-default-76743000,global banks warn possible losses hedge fund default,abc,0,3
131,https://abcnews.go.com/Business/wireStory/week-consumer-confidence-carmax-earns-jobs-report-76742660,week consumer confidence carmax earns jobs report,abc,0,4
132,https://abcnews.go.com/Business/wireStory/swiss-banker-venezuelan-kleptocrats-star-witness-767420566,swiss banker venezuelan kleptocrats becomes star witness,abc,0,2
133,https://abcnews.go.com/Business/wireStory/asian-stocks-advance-vaccine-stimulus-optimism-767423911,asian stocks advance vaccine stimulus optimism,abc,0,2
134,https://abcnews.go.com/Business/wireStory/latest-crowds-holy-week-ceremonies-amid-pandemic-76732514,latest brisbane australia go lockdown,abc,0,2
135,https://abcnews.go.com/Business/wireStory/rebels-besiege-town-northern-mozambique-day-76735253,rebels besiege town northern mozambique fifth day,abc,0,4
136,https://abcnews.go.com/Business/wireStory/biden-economic-plan-focus-1st-infrastructure-week-76737155,biden economic plan focus infrastructure week,abc,0,1
137,https://abcnews.go.com/Business/wireStory/brazil-moms-bearing-brunt-pandemics-blow-76734892,brazil moms bearing brunt pandemics blow,abc,0,0
138,https://abcnews.go.com/Business/wireStory/paris-doctors-warn-catastrophic-overload-virus-cases-76733501,paris doctors warn catastrophic overload virus cases,abc,0,4
139,https://abcnews.go.com/Business/wireStory/uk-eases-lockdown-nervously-eyes-european-virus-surge-76732708,uk eases lockdown nervously eyes european virus surge,abc,0,3
140,https://abcnews.go.com/Business/consumers-shopping-online-cars-dealerships/story?id=76650042,us auto dealerships changing better industry watchers say,abc,0,2
141,https://abcnews.go.com/Business/wireStory/uk-variant-hunters-lead-global-race-stay-ahead-76732218,uk variant hunters lead global race stay ahead covid,abc,0,4
142,https://abcnews.go.com/Business/wireStory/minneapolis-immigrant-street-struggles-recover-76734509,minneapolis immigrant street struggles recover,abc,0,2
143,https://abcnews.go.com/Business/wireStory/armenia-premier-confirms-step-election-76733706,armenia premier confirms step allow election,abc,0,3
144,https://abcnews.go.com/Business/wireStory/paris-doctors-warn-catastrophic-overload-virus-cases-76733500,paris doctors warn catastrophic overload virus cases,abc,0,4
145,https://abcnews.go.com/Business/wireStory/path-clinton-biden-takes-turn-debt-trade-76733195,path clinton biden takes uturn debt trade,abc,0,1
146,https://abcnews.go.com/Business/wireStory/albania-starts-mass-covid-vaccinations-tourist-season-76733128,albania starts mass covid vaccinations tourist season,abc,0,2
147,https://abcnews.go.com/Business/wireStory/pope-pandemics-year-weariness-economic-hardship-76732917,pope pandemics second year weariness,abc,0,0
148,https://abcnews.go.com/Business/wireStory/merkels-bloc-dips-polls-months-german-vote-76732709,economic hardshipmerkels bloc dips polls months german vote,abc,0,4
149,https://abcnews.go.com/Entertainment/wireStory/bts-condemns-anti-asian-racism-experienced-76764008,bts condemns antiasian racism says theyve experienced,abc,2,2
150,https://abcnews.go.com/Entertainment/wireStory/review-breach-godzilla-kong-76757262,review unto breach godzilla vs kong,abc,2,1
151,https://abcnews.go.com/Entertainment/wireStory/clarification-obit-brian-rohan-story-76759559,san francisco dope lawyer stars brian rohan dies,abc,2,3
152,https://abcnews.go.com/Entertainment/wireStory/ample-opportunities-viewers-follow-chauvin-trial-76757139,ample opportunities viewers follow chauvin trial,abc,2,3
153,https://abcnews.go.com/Entertainment/wireStory/metcalf-loves-weirdo-storyline-tvs-conners-76752317,metcalf loves weirdo storyline tvs conners,abc,2,2
154,https://abcnews.go.com/Entertainment/wireStory/captain-underpants-book-pulled-passive-racism-76746370,captain underpants book pulled passive racism,abc,2,2
155,https://abcnews.go.com/Entertainment/wireStory/houghton-mifflin-shedding-consumer-books-349-million-76746633,news corp buys houghton mifflin harcourt books division,abc,2,2
156,https://abcnews.go.com/Entertainment/wireStory/week-godzilla-kong-concrete-cowboy-mahalia-76748634,new week godzilla vs kong concrete cowboy mahalia,abc,2,3
157,https://abcnews.go.com/Entertainment/wireStory/review-bears-life-tells-history-global-warming-76748406,review bears life tells history global warming,abc,2,3
158,https://abcnews.go.com/Entertainment/wireStory/tribeca-plans-person-outdoor-film-festival-june-76747519,tribeca plans inperson outdoor film festival june,abc,2,2
159,https://abcnews.go.com/Entertainment/wireStory/celebrity-birthdays-week-april-10-76747095,celebrity birthdays week april,abc,2,2
160,https://abcnews.go.com/Entertainment/wireStory/oscars-sensitive-art-spark-hong-kong-censorship-fears-76744825,oscars sensitive art spark hong kong censorship fears,abc,2,4
161,https://abcnews.go.com/Entertainment/wireStory/san-francisco-dope-lawyer-stars-brian-rohan-dies-76736449,san francisco dope lawyer stars brian rohan dies,abc,2,3
162,https://abcnews.go.com/Entertainment/wireStory/lebron-james-chadwick-boseman-honored-naacp-image-awards-76729436,eddie murphy inducted naacp image awards hall fame,abc,2,0
163,",https://abcnews.go.com/Entertainment/wireStory/5000-attend-rock-concert-barcelona-covid-19-screen-76720661",attend rock concert barcelona screen,abc,2,3
164,",https://abcnews.go.com/Entertainment/wireStory/alabama-shakes-drummer-facing-child-abuse-charges-76727214",alabama shakes drummer facing child abuse charges,abc,2,2
165,https://abcnews.go.com/Entertainment/wireStory/shots-musical-serenade-nyc-vaccination-center-76720662,shots musical serenade nyc vaccination center,abc,2,2
166,https://abcnews.go.com/Entertainment/wireStory/guest-lineups-sunday-news-shows-76714334,guest lineups sunday news shows,abc,2,3
167,https://abcnews.go.com/Entertainment/wireStory/osbourne-off-talk-inquiry-racism-discussion-76715946,osbourne talk inquiry racism discussion,abc,2,2
168,https://abcnews.go.com/Entertainment/wireStory/rare-1822-gold-coin-fetches-record-84m-auction-76715912,rare gold coin fetches record auction vegas,abc,2,3
169,https://abcnews.go.com/Entertainment/wireStory/beloved-childrens-author-beverly-cleary-dies-104-76712710,beloved childrens author beverly cleary dies,abc,2,2
170,",https://abcnews.go.com/Entertainment/wireStory/us-court-sides-photographer-fight-warhol-art-76706028",us court sides photographer fight warhol art,abc,2,1
171,https://abcnews.go.com/Entertainment/wireStory/daily-mail-seeks-reverse-order-denying-trial-credentials-76714117,daily mail seeks reverse order denying trial credentials,abc,2,2
172,https://abcnews.go.com/Entertainment/wireStory/kevin-bacon-aldis-hodge-spar-return-city-hill-76709055,kevin bacon aldis hodge spar return city hill,abc,2,4
173,https://abcnews.go.com/Entertainment/wireStory/pulitzer-prize-winning-author-larry-mcmurtry-dies-84-76705815,pulitzer prizewinning author larry mcmurtry dies,abc,2,2
174,https://abcnews.go.com/Entertainment/wireStory/friends-made-art-history-buying-70m-digital-work-76696546,two friends made art history buying digital work,abc,2,2
175,https://abcnews.go.com/Entertainment/wireStory/media-biden-news-conference-notable-missing-76688377,media biden news conference notable whats missing,abc,2,1
176,https://abcnews.go.com/Entertainment/wireStory/dinner-theater-drops-cinderella-white-cast-76705671,dinner theater drops cinderella mostly white cast,abc,2,1
177,https://abcnews.go.com/Entertainment/wireStory/live-long-sculpture-20-foot-art-planned-spock-76705134,live long sculpture art planned spock symbol,abc,2,0
178,https://abcnews.go.com/Entertainment/wireStory/belgium-shows-restored-masterpiece-stolen-panel-rankles-76698804,belgium shows restored masterpiece stolen panel rankles,abc,2,2
179,https://abcnews.go.com/Entertainment/wireStory/reset-button-black-theater-leaders-push-change-76703785,reset button black theater leaders push change,abc,2,2
180,https://abcnews.go.com/Entertainment/wireStory/carrie-underwoods-faith-shines-church-hymns-76701603,carrie underwoods faith shines church hymns,abc,2,4
181,https://abcnews.go.com/Entertainment/wireStory/qa-artist-beeple-selling-nft-collage-record-70m-76696649,qa artist beeple selling nft collage record,abc,2,2
182,",https://abcnews.go.com/Entertainment/wireStory/reports-cuomos-family-access-scarce-covid-testing-76677612",impeachment probe examine covid tests cuomo relatives,abc,2,2
183,https://abcnews.go.com/Entertainment/wireStory/acclaimed-french-director-bertrand-tavernier-dead-aged-79-76679824,acclaimed french director bertrand tavernier dies age,abc,2,1
184,",https://abcnews.go.com/Entertainment/wireStory/ofarrells-hamnet-wins-book-critics-award-fiction-76692665",ofarrells hamnet wins book critics award fiction,abc,2,3
185,",https://abcnews.go.com/Entertainment/wireStory/friends-nantz-agrees-remain-cbs-sports-76692513",hello friends nantz agrees remain cbs sports,abc,2,4
186,https://abcnews.go.com/Entertainment/wireStory/reports-cnns-chris-cuomo-special-covid-19-testing-76690901,reports say cnns chris cuomo got special testing,abc,2,4
187,",https://abcnews.go.com/Entertainment/wireStory/arrested-development-actor-jessica-walter-dies-80-76686158",arrested development actor jessica walter dies,abc,2,2
188,https://abcnews.go.com/Entertainment/wireStory/dozens-playwrights-actors-join-period-piece-monologues-76689271,dozens playwrights actors join period piece monologues,abc,2,1
189,",https://abcnews.go.com/Entertainment/wireStory/spielberg-donates-genesis-prize-money-justice-nonprofits-76686346",spielberg donates genesis prize money justice nonprofits,abc,2,2
190,https://abcnews.go.com/Entertainment/wireStory/godzilla-kong-heavyweight-bout-light-touch-76680208,godzilla vs kong heavyweight bout light touch,abc,2,1
191,",https://abcnews.go.com/Entertainment/wireStory/tv-series-dr-death-podcast-shot-mexico-76685385",tv series dr death podcast shot new mexico,abc,2,3
192,https://abcnews.go.com/Entertainment/wireStory/publishers-weekly-best-sellers-76683872,publishers weekly bestsellers,abc,2,2
193,https://abcnews.go.com/Entertainment/wireStory/morris-dickstein-influential-critic-historian-dead-81-76683861,morris dickstein influential critichistorian dead,abc,2,2
194,https://abcnews.go.com/Entertainment/wireStory/rarely-van-gogh-masterpiece-hammer-paris-76680686,rare van gogh masterpiece sells million paris,abc,2,2
195,",https://abcnews.go.com/Entertainment/wireStory/york-city-launches-push-vaccinate-theater-workers-76680687",new york city launches push vaccinate theater workers,abc,2,2
196,https://abcnews.go.com/Entertainment/wireStory/best-sellers-books-usatoday-76680936,bestsellersbooksusatoday,abc,2,2
197,https://abcnews.go.com/Entertainment/wireStory/review-tina-final-word-legendary-survivor-76663533,review tina final word legendary survivor,abc,2,1
198,https://abcnews.go.com/Entertainment/wireStory/godzilla-kong-heavyweight-bout-light-touch-76680032,godzilla vs kong heavyweight bout light touch,abc,2,1
199,https://www.foxnews.com/sports/atlanta-magic-city-kitchen-lou-williams-hawks,atlantas magic city kitchen welcomes lou williams hawks trade controversial summer strip club popin,fox,4,2
200,https://www.foxnews.com/sports/mlb-fernando-tatis-jr-nft-padres,mlb star fernando tatis jr plans nft release next month,fox,4,2
201,https://www.foxnews.com/sports/abilene-christian-ncaa-tournament-march-madness-payout,abilene christian earned big bucks brief march madness appearance,fox,4,4
202,https://video.foxbusiness.com/v/6243526945001/,school president saysroundhill investments launches sportscentered etf,fox,4,2
203,https://video.foxbusiness.com/v/6243508337001/,retro fitness offers perks vaccine recipients,fox,4,2
204,https://video.foxbusiness.com/v/6242738717001/,baseball back full swing next week amid pandemic,fox,4,0
205,https://www.foxnews.com/markets/draftkings-and-how-aol-co-founder-steve-case-made-a-killing,draftkings aol cofounder steve case made killing,fox,4,2
206,https://www.foxnews.com/sports/some-nfl-veterans-prosper-as-business-season-begins,nfl veterans prosper business season begins,fox,4,2
207,https://www.foxnews.com/sports/2021-ncaa-march-madness-fans-opening-wallets-in-big-way,ncaa march madness betting expects see fans open wallets big way,fox,4,4
208,https://video.foxbusiness.com/v/6241598840001/,march madness fans opening wallets big way,fox,4,4
209,https://www.foxnews.com/sports/ncaa-mens-basketball-tournament-2021-highest-paid-coaches,ncaa mens basketball tournament highestpaid coaches competing title,fox,4,2
210,https://www.foxnews.com/sports/lebron-james-pepsi-mountain-dew,busy lebron james racks another big business deal,fox,4,1
211,https://video.foxnews.com/v/6245083476001,biden urged visit border witness growing crisis,fox,3,4
212,https://www.foxnews.com/politics/cuomo-admin-kept-covid-19-tests-from-nursing-homes-as-dems-relatives-got-them,cuomo administration kept tests nursing homes dems relatives got,fox,3,4
213,",https://video.foxnews.com/v/6245080009001",cuomo administration kept tests nursing homes dems relatives got former border chiefs sound alarm immigration system overwhelmed,fox,3,4
214,https://www.foxnews.com/politics/republicans-go-all-in-on-attacking-dems-election-reform-bill,slammed political corruption republicans go allin attacking dems election reform bill,fox,3,3
215,",https://video.foxnews.com/v/6245070459001",report covid source likely animals cant trusted rep cammack,fox,3,4
216,https://www.foxnews.com/politics/cartoons-slideshow,political cartoon day mixed messages,fox,3,0
217,https://www.foxnews.com/us/kamala-harris-what-to-know-first-female-vice-president,kamala harris know americas first female vice president,fox,3,4
218,https://www.foxnews.com/politics/cartoons-slideshow,political cartoon day mixed messages,fox,3,0
219,https://video.foxnews.com/v/6244845074001,helping diverse communities achieve american dream asian inc president,fox,3,2
220,"https://www.foxnews.com/us/eric-talley-tunnel-to-towers-boulder-shooting,",slain boulder officer eric talley tunnel towers pay familys mortgage,fox,3,4
221,https://www.foxnews.com/opinion/biden-no-mandate-radical-agenda-backfire-liz-peek,liz peek biden mandate heres really hired leftwing agenda backfire,fox,3,1
222,https://www.foxnews.com/media/ex-cnner-torches-network-for-having-thumb-on-the-scale,excnner torches network thumb scale,fox,3,2
223,https://www.foxnews.com/politics/gun-reform-stands-little-chance-of-passing-through-senate-even-with-a-democratic-majority,gun reform stands little chance passing senate even democratic majority,fox,3,2
224,https://www.foxnews.com/politics/border-crisis-biden-trump-immigration-policies-senator-john-kennedy,border crisis fixed week biden returns trump immigration policies sen kennedy,fox,3,4
225,https://www.foxnews.com/politics/fauci-says-covid-19-vaccine-push-best-decision-that-hes-made,fauci says vaccine push could best decision hes madedc mayor deletes preventing auto theft tweet igniting outrage,fox,3,2
226,https://www.foxnews.com/politics/kamala-harris-during-this-border-mess,kamala harris mia border crisis,fox,3,4
227,"https://www.foxnews.com/politics/white-house-lists-biden-harris-administration-on-official-website,",white house lists bidenharris administration official website,fox,3,4
228,https://video.foxnews.com/v/6244989395001,new york city ends qualified immunity police officers,fox,3,0
229,",https://video.foxnews.com/v/6244985051001",rep fallon biden border crisis product horrible policy terrible planning,fox,3,4
230,https://www.foxnews.com/politics/duckworth-to-speak-on-gwu-alumni-panel-statues,duckworth speak gwu alumni panel saying listen argument taking statues,fox,3,2
231,https://www.foxnews.com/politics/gun-reform-stands-little-chance-of-passing-through-senate-even-with-a-democratic-majority,gun reform stands little chance passing senate even democratic majority,fox,3,2
232,",https://video.foxnews.com/v/6244973913001",biden administration asks federal workers volunteer southern border,fox,3,4
233,https://www.foxnews.com/politics/texas-congressman-new-photos-migrant-kids-held-southern-border,texas democrat shares new photos migrant kids held southern border,fox,3,4
234,https://www.foxnews.com/politics/biden-admin-asks-for-govt-volunteers-at-the-border-amid-crisis,biden admin asks government volunteers border amid crisis,fox,3,4
235,https://www.foxnews.com/politics/warnock-declines-to-oppose-georgia-boycotts-over-new-election-law,warnock declines oppose georgia boycotts new election law,fox,3,3
236,https://video.foxnews.com/v/6244947945001,biden talks historians building legacy,fox,3,1
237,https://www.foxnews.com/politics/biden-kate-bedingfield-migrant-surge-psaki,chris wallace rips psaki allowing reporters southern border,fox,3,4
238,https://video.foxnews.com/v/6244957073001,new york city votes end qualified immunity police,fox,3,0
239,https://www.foxnews.com/media/bidens-presser-reporters-ask-mostly-vague-questions-embracing-liberal-priorities,bidens presser reporters ask mostly vague questions embracing liberal priorities,fox,3,4
240,https://www.foxnews.com/media/colorado-shooting-spurs-another-media-debate-over-gun-gridlock,colorado shooting spurs another media debate gun gridlock,fox,3,1
241,https://www.foxnews.com/media/media-traffic-shrinking-since-trump-moved-to-mar-a-lago,media traffic shrinking since trump moved maralago,fox,3,2
242,https://www.foxnews.com/politics/kamala-harris-during-this-border-mess,kamala harris mia border crisis shewhite house lists bidenharris administration official website,fox,3,4
243,https://www.foxnews.com/media/white-house-reporter-accuses-the-son-of-pakistani-immigrant-of-pushing-far-right-narratives-in-response,white house reporter accuses pakistani immigrants son pushing farright narratives dc murder concern,fox,3,4
244,https://www.foxnews.com/politics/biden-coronavirus-recovery-trillion-democrats-infrastructure,biden push another coronavirus recovery bill top package psaki,fox,3,1
245,https://www.foxbusiness.com/economy/larry-kudlow-warns-biden-tax-plan-would-ignite-class-warfare,larry kudlow warns biden tax plan would ignite class warfare,fox,0,1
246,https://www.foxbusiness.com/economy/ever-given-container-ship-stuck-in-suez-canal-partially-refloated,ever given container ship stuck suez canal partially refloated,fox,0,0
247,https://www.foxbusiness.com/politics/biden-administration-working-on-covid-19-passports-to-enable-american-travel,biden administration working vaccine passports pave way travel,fox,0,4
248,https://www.foxbusiness.com/economy/coronavirus-was-supposed-to-drive-bankruptcies-higher-the-opposite-happened,covid supposed drive bankruptcies higher opposite happened,fox,0,3
249,https://www.foxbusiness.com/markets/credit-suisse-warns-on-highly-significant-loss-tied-to-hedge-fund,credit suisse warns highly significant loss tied hedge fund,fox,0,3
250,https://www.foxbusiness.com/politics/florida-gov-desantis-threatens-to-sue-fed-if-they-dont-lift-no-sail-ban-by-the-summer,governor threatens sue us cruise ship ban isnt lifted,fox,0,1
251,https://www.foxbusiness.com/politics/silicon-valley-gavin-newsom-recall-oppose,silicon valley opposes effort replace newsom trump republican,fox,0,3
252,https://www.foxbusiness.com/lifestyle/moats-trampolines-and-crazy-pools-the-wildest-requests-pro-landscapers-have-fielded,moats trampolines crazy pools landscapers recall wildest requests,fox,0,0
253,https://www.foxbusiness.com/lifestyle/maryland-witches-stairs-alternate-tread-staircase,real estate listing witchs steps goes viral,fox,0,2
254,https://www.foxbusiness.com/technology/amazon-workers-pee-water-bottles,amazon aware workers allegedly defecating bags documents show,fox,0,2
255,https://www.foxbusiness.com/technology/robocalls-back-how-to-stop-them,robocalls back vengeance stop,fox,0,3
256,https://www.foxbusiness.com/lifestyle/redfin-moving-metro-area,record number homebuyers moving away expensive coastal cities,fox,0,2
257,https://www.foxbusiness.com/economy/buttigieg-vehicle-miles-tax-infrastructure,buttigieg suggests vehicle miles tax pay infrastructure projects,fox,0,1
258,https://www.foxbusiness.com/lifestyle/mall-face-financial-woes-from-theme-park-investments-but-vaccine-rollout-gives-hope,mall faces financial woes themepark investments solutions proposed,fox,0,2
259,https://www.foxbusiness.com/real-estate/jerry-seinfeld-asking-million-27-acre-colorado-property,jerry seinfeld asking million colorado property,fox,0,2
260,https://www.foxbusiness.com/industrials/biden-administration-will-impose-new-regulations-on-meat-industry-expert-warns,biden admin impose new rules meat industry expert,fox,0,1
261,https://www.foxbusiness.com/markets/suez-canal-egypt-european-tugboats-ship-stuck,suez canal authorities prep new attempts free ship questions swirl,fox,0,0
262,https://www.foxbusiness.com/politics/new-trade-representative-says-us-isnt-ready-to-lift-china-tariffs,new trade representative says us isnt ready lift china tariffs,fox,0,2
263,https://www.foxbusiness.com/lifestyle/marriott-ceo-jobs-company-actively-hiring,marriott ceo says jobs absolutely coming back company actively hiring,fox,0,2
264,https://www.foxbusiness.com/economy/ever-given-container-ship-stuck-in-suez-canal-partially-refloated,suez canal ship ever given freed traffic resumes crucial shipping channel,fox,0,0
265,https://www.foxbusiness.com/markets/credit-suisse-warns-on-highly-significant-loss-tied-to-hedge-fund,credit suisse warns highly significant loss tied hedge fundamazon vote,fox,0,3
266,https://www.foxbusiness.com/technology/amazon-workers-pee-water-bottles,amazon aware workers allegedly pee water bottles documents show company pushes back,fox,0,2
267,https://www.foxbusiness.com/lifestyle/some-alaska-costco-shoppers-say-ravens-steal-their-groceries,alaska costco shoppers say ravens steal groceries,fox,0,2
268,https://www.foxbusiness.com/lifestyle/virtual-learning-students-cheating,virtual learning leading students cheat often,fox,0,1
269,https://www.foxbusiness.com/business-leaders/eric-spinato-friend-colleague-and-beloved-by-all,eric spinato friend beloved fox colleague,fox,0,2
270,https://www.foxbusiness.com/real-estate/what-you-can-get-1-million-bend-oregon,heres get bend oregon,fox,0,2
271,https://www.foxbusiness.com/lifestyle/british-airways-first-class-meal-kits,british airways offers first class dining experience new meal kits,fox,0,1
272,https://www.foxbusiness.com/economy/suez-canal-effect-prices-us-economy,suez canal traffic halt could raise prices goods jolt us economy,fox,0,0
273,https://www.foxbusiness.com/technology/big-techs-outsized-influence-draws-state-level-pushback,big techs outsized influence draws statelevel pushback,fox,0,2
274,https://www.foxbusiness.com/economy/suez-canal-ship-new-attempts,suez canal new attempts planned free huge vessel billion global trade affected,fox,0,0
275,https://www.foxbusiness.com/economy/amazon-sanders-minimum-wage-warren-loopholes,amazon swipes sanders minimum wage warren loopholes comment,fox,0,4
276,https://www.foxbusiness.com/markets/deutsche-bank-can-sue-madoff-feeder-funds-over-1-6b-claims-sale,crimepublished march bank sue madoff feeder funds claims sale,fox,0,1
277,https://www.foxbusiness.com/money/15-hour-minimum-wage-could-further-sting-teen-employment,minimum wage could sting teen employment,fox,0,2
278,https://www.foxbusiness.com/economy/stimulus-checks-for-30m-social-security-recipients-could-go-out-soon-after-delay,stimulus checks social security recipients could go soon delay,fox,0,2
279,https://www.foxbusiness.com/real-estate/bing-crosby-bay-area-home-hits-market,bing crosbys onetime bay area home hits market million,fox,0,2
280,https://www.foxbusiness.com/personal-finance/americans-medical-bills-debt-decline,americans negotiate medical bill see reduce drop entirely survey,fox,0,1
281,https://www.foxbusiness.com/economy/irs-says-face-masks-hand-sanitizer-are-tax-deductible-medical-expenses,irs says face masks hand sanitizer taxdeductible medical expenses,fox,0,2
282,https://www.foxbusiness.com/markets/sofi-to-allow-members-to-buy-into-ipos,ipo buys sofi members coming,fox,0,4
283,https://www.foxbusiness.com/industrials/boeing-resumes-787-dreamliner-deliveries,boeing resumes dreamliner deliveries,fox,0,4
284,https://www.foxbusiness.com/economy/states-taxing-business-on-federal-jobs-relief-package,states taxing business federal jobs relief package,fox,0,1
285,https://www.foxbusiness.com/politics/california-fed-up-with-democrats-can-flip-from-blue-to-red-state-ric-grenell,california fed dems flip blue red ric grenell,fox,0,0
286,https://www.foxbusiness.com/lifestyle/justices-say-accident-victims-can-sue-ford-in-state-courts,justices say accident victims sue ford state courts,fox,0,2
287,https://www.foxbusiness.com/economy/elizabeth-warren-clashes-with-amazon-over,elizabeth warren clashes amazon twitter pledges fight union busting break big tech,fox,0,1
288,https://www.foxbusiness.com/lifestyle/ford-f-150-factory-idle-this-weekend-due-to-chip-shortage,ford factory idle weekend due chip shortage,fox,0,2
289,https://video.foxbusiness.com/v/6244672842001/?playlist_id=3601801609001,payne democrats hijack black history agenda,fox,0,1
290,https://video.foxbusiness.com/v/6244670558001/?playlist_id=3601801609001,tech financials investing right,fox,0,1
291,https://video.foxbusiness.com/v/6244642121001/?playlist_id=3601801609001,stimulus payments serious problem economist,fox,0,2
292,https://video.foxbusiness.com/v/6244627234001/?playlist_id=3601801609001,enlarge player dems increase national debt infrastructure bill payment plan rep issa,fox,0,1
293,"https://www.foxbusiness.com/markets/stocks-futures-slide-as-banks-warn-of-significant-losses-tied-to-hedge-funds-liquidation,",dow hits record us banks less exposed hedge funds liquidation,fox,0,3
294,https://www.foxbusiness.com/markets/what-to-watch-week-march-28,amazon vote bidens infrastructure plan jobs report top week ahead,fox,0,1
295,https://www.foxbusiness.com/markets/stock-futures-drop-as-banks-warn-of-losses,premarketspublished march futures drop banks warn losses,fox,0,3
296,https://www.foxbusiness.com/money/cant-afford-mortgage-now-what-to-do,cant afford mortgage right heres,fox,0,1
297,https://www.foxbusiness.com/money/how-to-help-adult-kids-build-credit,help adult kids build credit,fox,0,0
298,https://www.foxbusiness.com/money/buy-land-home-factors,want buy land consider factors,fox,0,2
299,https://www.foxbusiness.com/money/how-biden-higher-taxes-can-hurt-markets-your-investments,biden tax hikes could dampen strong stock market investment expert,fox,0,2
300,https://www.foxbusiness.com/real-estate/jerry-seinfeld-asking-million-27-acre-colorado-property,jerry seinfeld asking million colorado property,fox,0,2
301,https://www.foxbusiness.com/real-estate/steve-wynn-company-flips-palm-beach-florida-home-for-5-2m-profit-after-3-months,steve wynn company flips palm beach florida home profit months,fox,0,4
302,https://www.foxbusiness.com/real-estate/billionaire-in-n-out-heiress-lists-california-mansion-17m,billionaire innout owner lists california estate nearly million,fox,0,0
303,https://video.foxbusiness.com/v/6237025987001/,michigan health director receives payout despite resignation report,fox,0,4
304,https://www.foxbusiness.com/real-estate/valentino-sued-for-207m-for-pandemic-closing-of-its-manhattan-boutique,valentino sued pandemic closing new york city boutique,fox,0,0
305,https://www.foxbusiness.com/media/roku-taps-quibi-to-fight-streaming-wars-as-it-hunts-for-other-content-deals,roku taps quibi fight streaming wars hunts deals,fox,0,1
306,https://www.foxbusiness.com/energy/carl-icahn-eyes-scandal-mired-firstenergy,carl icahn eyes scandal mired firstenergy,fox,0,0
307,https://www.foxbusiness.com/economy/ceo-confidence-in-u-s-economic-outlook-reaches-17-year-high,ceo confidence us economic outlook reaches high,fox,0,2
308,https://www.foxbusiness.com/technology/microsoft-discord-discuss-10b-deal,microsoft discord talk deal,fox,0,2
309,https://www.foxbusiness.com/technology/scalise-dorsey-ny-post-hunter-biden,scalise grills dorsey blocking ny post article hunter biden,fox,0,1
310,https://www.foxbusiness.com/sports/atlanta-magic-city-kitchen-lou-williams-hawks,atlantas magic city kitchen welcomes lou williams hawks trade controversial summer strip club popin,fox,0,2
311,https://www.foxbusiness.com/sports/mlb-fernando-tatis-jr-nft-padres,mlb star fernando tatis jr plans nft release next month,fox,0,2
312,https://www.foxbusiness.com/sports/abilene-christian-ncaa-tournament-march-madness-payout,abilene christian earned big bucks brief march madness appearance school president says,fox,0,4
313,https://www.foxbusiness.com/sports/nike-denies-textiles-uyghur-muslim-camps-china,nike denies using textiles uyghur muslim camps china,fox,0,2
314,https://www.foxbusiness.com/sports/some-nfl-veterans-prosper-as-business-season-begins,nfl veterans prosper business season begins,fox,0,2
315,https://www.foxbusiness.com/economy/ppp-loans-extended-for-small-businesses-until-may-31,small businesspublished march loans extended small businesses may,fox,0,2
316,https://www.foxbusiness.com/small-business/virginia-restaurant-owner-covid-orders-coronavirus-threat,virginia restaurant owner defied covid orders labeled imminent threat community,fox,0,1
317,https://www.foxbusiness.com/economy/states-taxing-business-on-federal-jobs-relief-package,states taxing business federal jobs relief package,fox,0,1
318,https://www.foxbusiness.com/politics/nyc-billboard-rips-bidens-reported-tax-hike-proposal-for-small-businesses,nyc billboard rips bidens proposed tax hike small businesses watch,fox,0,4
319,https://www.foxbusiness.com/small-business/new-sba-head-plans-changes-at-agency-focus-now-is-covid-19,new sba head plans changes agency focus,fox,0,1
320,https://www.foxbusiness.com/economy/coronavirus-was-supposed-to-drive-bankruptcies-higher-the-opposite-happened,coronavirus supposed drive bankruptcies higher opposite happened,fox,0,3
321,https://www.foxbusiness.com/personal-finance/americans-medical-bills-debt-decline,americans negotiate medical bill see reduce drop entirely survey,fox,0,1
322,https://www.foxbusiness.com/real-estate/shaq-re-lists-florida-home-after-sale-falls-through,shaq relists florida home sale falls,fox,0,0
323,https://www.foxbusiness.com/lifestyle/facebook-future-smart-glasses-mark-zuckerberg-says-teleport-you,facebook reveals details future smart glasses mark zuckerberg says teleport,fox,0,2
324,https://www.foxbusiness.com/economy/best-buy-restocks-ps5-and-xbox-consoles-sells-out-in-hours-amid-global-shortage,best buy restocks xbox sold within minutes,fox,0,2
325,https://www.foxbusiness.com/lifestyle/ford-trucks-generators-texas-homes-winter-storm-power-outages,ford trucks builtin generators power texas homes winter storm causes power outages,fox,0,2
326,https://www.foxbusiness.com/lifestyle/gm-chip-shortage-production-factories,gm hit chip shortage cut production factories,fox,0,3
327,https://www.foxbusiness.com/sports/nfl-linebacker-cassius-marsh-magic-the-gathering-business,nfl linebacker cassius marsh turns passion magic gathering trading cards business,fox,0,2
328,https://www.foxbusiness.com/sports/how-cardinals-robert-alford-made-nearly-15m-without-ever-playing-a-game,cardinals robert alford made nearly without playing game,fox,0,2
329,https://www.foxbusiness.com/sports/rob-gronkowski-digital-trading-cards-nft-craze,rob gronkowski offer exclusive digital trading cards amid nft craze,fox,0,2
330,https://www.foxbusiness.com/sports/tom-brady-signed-rookie-card-millions-auction,tom bradysigned rookie card sells pretty penny another gaining steam,fox,0,2
331,https://www.foxbusiness.com/technology/samsung-512-gb-ddr5-ram,samsung announces cuttingedge gb ram module,fox,0,2
332,https://www.foxbusiness.com/markets/barstools-dave-portnoy-backs-new-buzz-etf,barstools portnoy backs new buzz etf,fox,0,3
333,https://www.foxbusiness.com/business-leaders/fmr-google-ceo-says-china-is-winning-ai-race-us-needs-to-do-more,former google ceo china winning ai race us must,fox,0,4
334,https://www.foxbusiness.com/technology/ai-panel-urges-us-to-boost-tech-skills-amid-chinas-rise,ai panel urges us boost tech skills amid chinas rise,fox,0,4
335,https://www.foxbusiness.com/healthcare/ibm-explores-sale-of-watson-health,ibm explores sale watson health,fox,0,2
336,https://www.foxbusiness.com/economy/biden-infrastructure-plan-details-pittsburgh,biden unveil multitrillion dollar infrastructure plan pittsburgh next week,fox,0,1
337,https://www.foxbusiness.com/politics/kayleigh-mcenany-biden-avoiding-press-questions-staff-no-faith,kayleigh mcenany says biden avoiding press questions staff faith,fox,0,1
338,https://www.foxbusiness.com/politics/jamaal-bowman-took-pay-from-his-campaign-after-promising-not-to-fec-records,jamaal bowman took pay campaign promising fec records,fox,0,2
339,https://www.foxbusiness.com/politics/political-ad-spending-election-season-over,political ad spending continues despite end election season,fox,0,3
340,https://www.foxbusiness.com/politics/hallmark-sens-hawley-marshall-return-pac-donations,hallmark asks sens hawley marshall return pac donations,fox,0,4
341,https://video.foxbusiness.com/v/6134452204001/,trump celebrates us energy independent,fox,0,2
342,https://video.foxbusiness.com/v/5809752521001/,trumpputin summit us hope gain,fox,0,2
343,https://video.foxbusiness.com/v/4680113937001/,dividend plays boost investors portfolios,fox,0,2
344,https://video.foxbusiness.com/v/3291452062001/,bill koch talks fracking,fox,0,4
345,https://video.foxbusiness.com/v/2289340719001/,volatility ahead oil,fox,0,1
346,https://www.foxbusiness.com/lifestyle/singer-boy-george-nft-art,singer boy george calls nfts new exciting way enjoy art,fox,0,3
347,https://www.foxbusiness.com/lifestyle/ntf-art-70-million,friends made art history buying digital work,fox,0,2
348,https://www.foxbusiness.com/technology/elon-musk-reverses-course-selling-nft-song,elon musk reverses course selling nft song,fox,0,2
349,https://www.foxbusiness.com/lifestyle/one-year-later-broadway-remains-dark,broadway theaters remain closed anniversary lockdown,fox,0,4
350,https://www.foxbusiness.com/economy/nyc-entertainment-venues-to-reopen-at-low-capacity-starting-april-2,nyc entertainment venues reopen low capacity starting april,fox,0,2
351,https://lifestyle/singer-boy-george-nft-art,singer boy george calls nfts new exciting way enjoy art,fox,1,3
352,"https://lifestyle/singer-boy-george-nft-art,/lifestyle/ntf-art-70-million",friends made art history buying digital work,fox,1,2
353,https://video.foxbusiness.com/v/6244450195001/,boy george nfts allow art available new exciting way,fox,1,3
354,https://video.foxbusiness.com/v/6241914555001/,mainstream brands join nft craze raise money charity,fox,1,0
355,https://video.foxbusiness.com/v/6241724117001/,clubhouse next major social network superhuman ceo,fox,1,0
356,"https://technology/elon-musk-reverses-course-selling-nft-song,/lifestyle/one-year-later-broadway-remains-dark",elon musk reverses course selling nft song,fox,1,2
357,https://video.foxbusiness.com/v/6239179283001/,tom cruises maverick estimated first billion dollar postpandemic film,fox,1,0
358,https://video.foxbusiness.com/v/6239163037001/,movie theatres see explosive demand following lockdowns slated cofounder,fox,1,4
359,https://video.foxbusiness.com/v/6238610332001/,netflixs reasons actor amy hargreaves encouraging kids find voice,fox,1,2
360,https://video.foxbusiness.com/v/6238028239001/,creators making millions nonfungible tokens,fox,1,2
361,"https://video.foxbusiness.com/v/6238031603001/,",amc ceo vaccinations continue movie theatre capacity limits grow pretty rapidly,fox,1,2
362,https://video.foxbusiness.com/v/6237528235001/,wouldnt touch movie theatre stocks rich greenfield,fox,1,2
363,https://economy/nyc-entertainment-venues-to-reopen-at-low-capacity-starting-april-2,nyc entertainment venues reopen low capacity starting april,fox,1,2
364,https://technology/billionaire-seeks-volunteers-spacex-flight-moon,japanese billionaire seeks volunteers spacex flight around moon,fox,1,1
365,https://lifestyle/disney-plans-to-enhance-attractions-boost-efficiency-once-theme-parks-reopen-ceo-says,disney plans enhance attractions boost efficiency theme parks reopen ceo says,fox,1,2
366,https://lifestyle/virginia-school-district-canceling-dr-seuss-celebration-a-misfocus-of-priorities-patrice-onwuka,virginia school district canceling dr seuss celebration shows misfocus priorities patrice onwuka,fox,1,2
367,https://video.foxbusiness.com/v/6236484267001/,school district cancels dr seuss celebration racial undertones,fox,1,3
368,https://business-leaders/amc-entertainment-ceo-getting-3-75m-bonus,amc entertainment ceo getting bonusparamount plus enters streaming wars,fox,1,2
369,https://edition.cnn.com/interactive/2021/02/sport/tiger-woods-golf-career-moments-spt-intl-cmd/,tigers trekthe life timesof golfs biggest star,nbc,4,2
370,https://edition.cnn.com/interactive/2020/09/sport/voyager-olympics-munich-spt-intl/,super bowl lvi lands middle sunday winter olympics,nbc,4,0
371,https://edition.cnn.com/2021/03/26/sport/ironman-world-championship-sam-holness-triathlon-spt-intl-cmd/index.html,sam holness hopes use autism superpower ironman world championship,nbc,4,0
372,https://edition.cnn.com/2021/03/23/sport/ryo-miyake-olympics-fencing-tokyo-2020-cmd-spt-intl/index.html,olympic silver medalist ryo miyake delivers food uber eats fund tokyo dream,nbc,4,2
373,https://edition.cnn.com/2021/03/16/us/tiger-woods-home-after-wreck/index.html,tiger woods recovering home car wreck,nbc,4,4
374,"https://edition.cnn.com/2021/03/13/golf/hole-in-one-golfers-mccarthy-todd-spt-intl/index.html,",could get expensive two golfers score holeinones round players championship,nbc,4,2
375,https://edition.cnn.com/2021/03/24/football/cesare-prandelli-steps-down-as-fiorentina-manager-spt-intl/index.html,could get expensive two golfers score holeinones round players championship,nbc,4,2
376,https://edition.cnn.com/2021/03/20/football/football-child-abuse-report-paul-stewart-cmd-spt-intl/index.html,soccer sex abuse scandal report kick teeth survivors says paul stewart,nbc,4,0
377,https://edition.cnn.com/2021/03/25/tennis/vasek-pospisil-miami-open-tennis-spt-intl/index.html,vasek pospisil sorry expletiveladen rant atp boss miami,nbc,4,2
378,https://edition.cnn.com/2021/03/17/tennis/damir-dzumhur-tennis-spt-intl/index.html,tennis player damir dzumhur faces disciplinary probe fined walking court,nbc,4,2
379,https://edition.cnn.com/2021/03/16/tennis/zverev-federer-atp-ranking-spt-intl/index.html,atps revised ranking system makes sense zverev,nbc,4,2
380,https://edition.cnn.com/2021/03/24/us/sedona-prince-leads-oregon-to-sweet-16-spt-trnd/index.html,sedona prince used voice call ncaa poor amenities led oregon sweet,nbc,4,2
381,https://edition.cnn.com/2021/03/24/football/steve-kerr-gun-control-measures-spt-intl/index.html,steve kerr calls tougher gun control measures following boulder shooting,nbc,4,4
382,https://edition.cnn.com/2021/03/20/sport/lebron-james-ankle-injury/index.html,lakers superstar lebron james indefinitely ankle injury,nbc,4,4
383,https://edition.cnn.com/2021/03/27/motorsport/ferrari-2021-bounce-back-formula-one-spt-intl/index.html,worst season years ferrari bounce back,nbc,4,4
384,https://edition.cnn.com/2021/03/23/motorsport/ugo-ugochukwu-mclaren-motorsport-spt-intl/index.html,mclaren signs longterm deal karting star ugo ugochukwu,nbc,4,2
385,https://edition.cnn.com/2021/03/18/sport/will-claye-triple-jump-olympics-spt-intl-cmd/index.html,olympic triple jumper rapper claye music career hobby,nbc,4,0
386,https://edition.cnn.com/2021/03/24/sport/japan-olympics-fukushima-torch-relay-covid-hnk-intl-dst/index.html,olympic flame starts final leg tokyo suggest day never come,nbc,4,2
387,https://edition.cnn.com/2021/03/02/sport/horse-racing-welfare-footage-spt-intl/index.html,horse racing faces new welfare scrutiny footage appears jockey posing dead horse,nbc,4,3
388,https://edition.cnn.com/2021/03/01/sport/gordon-elliott-horse-photo-scli-intl-spt/index.html,top racing trainer gordon elliott apologizes photo sitting dead horse,nbc,4,2
389,https://edition.cnn.com/2020/11/03/sport/melbourne-cup-horse-racing-spt-intl/index.html,twilight payment wins melbourne cup race marred colt anthony van dycks fatal injury,nbc,4,0
390,https://edition.cnn.com/2021/02/02/sport/slovenia-chimney-climbing-europe-spt-intl/index.html,special thing ive done two worldclass climbers scale tallest chimney europe,nbc,4,0
391,https://edition.cnn.com/2020/01/24/sport/mikaela-shiffrin-world-cup-skiing-bansko-downhill-spt-intl/index.html,mikaela shiffrin wins world cup race cement overall lead,nbc,4,0
392,https://edition.cnn.com/2019/12/07/sport/ester-ledecka-world-cup-downhill-lake-louise-spt-intl/index.html,dual olympic champion ester ledecka wins first world cup skiing race,nbc,4,0
393,https://edition.cnn.com/2020/12/02/sport/rene-campbell-bodybuilding-cmd-spt-intl/index.html,bodybuilder rene campbell wants change view women look like,nbc,4,1
394,https://edition.cnn.com/2020/10/06/sport/priscilla-frederick-loomis-olympics-spt-intl/index.html,olympic high jumper pressured perform better lose pounds,nbc,4,0
395,https://edition.cnn.com/2020/06/10/sport/marilyn-okoro-body-image-cmd-spt-intl/index.html,oh must heavy boned marilyn okoros fight body acceptance,nbc,4,1
396,https://edition.cnn.com/2021/03/08/sport/muhammad-ali-joe-frazier-the-fight-of-the-century-cmd-spt-intl/index.html,fight century divided us nation years,nbc,4,1
397,https://edition.cnn.com/interactive/2020/04/sport/liverpoolpremierleaguetitle/,years dreamingliverpools agonizing wait english footballs biggest prize,nbc,4,2
398,https://www.cnn.com/interactive/2020/06/sport/newcastle-united-takeover-billionaire-investment-european-football/,european football stranger billionaire owners latest deeppocketed investor show interest acquiring team stirred english premier league lay dormant coronavirus lockdown,nbc,4,2
399,https://www.cnn.com/interactive/2020/01/sport/russian-climbers-peak-lenin-spt-intl/,forty five years ago eight soviet women climbers pinned top high mountain ussr worst storm years,nbc,4,1
400,https://www.nbcnews.com/politics/meet-the-press/toomey-murphy-say-expanded-background-checks-gun-sales-could-pass-n1262273,toomey murphy say expanded background checks gun sales could pass senate,nbc,4,2
401,https://www.nbcnews.com/politics/joe-biden/biden-economic-plan-focus-1st-infrastructure-week-n1262279,biden economic plan focus infrastructure week,nbc,3,1
402,https://www.nbcnews.com/politics/meet-the-press/political-impact-post-covid-positivity-n1262269,political impact postcovid optimism,nbc,3,0
403,https://www.nbcnews.com/politics/national-security,solarwinds hack got emails dhs head top officials,nbc,3,0
404,https://www.nbcnews.com/politics/politics-news/michigan-gop-chair-calls-top-democratic-women-witches-n1262243,michigan gop chair calls top democratic women witches,nbc,3,0
405,https://www.nbcnews.com/pop-culture/pop-culture-news/nike-denies-involvement-lil-nas-x-satan-shoes-containing-human-n1262280,nike denies involvement lil nas satan shoes containing human blood,nbc,1,2
406,https://www.nbcnews.com/pop-culture/books/scholastic-pulls-popular-children-s-book-captain-underpants-author-n1262255,scholastic pulls popular childrens book captain underpants author,nbc,1,2
407,https://www.nbcnews.com/news/us-news/sharon-osbourne-leaves-talk-after-network-investigation-n1261457,sharon osbourne leaves tvs talk,nbc,1,1
408,https://www.msnbc.com/the-beat-with-ari/watch/georgia-authorities-under-fire-after-arresting-democratic-lawmaker-objecting-to-voting-law-109165125580,georgia authorities fire arresting democratic lawmaker objecting voting law,nbc,1,3
409,https://www.nbcnews.com/news/obituaries/author-beverly-clearly-dies-104-n1262232,author beverly cleary dies,nbc,1,2
410,https://www.nbcnews.com/news/us-news/larry-mcmurtry-lonesome-dove-author-brokeback-mountain-writer-dies-84-n1262176,larry mcmurtry author lonesome dove dies,nbc,1,2
411,https://www.nbcnews.com/news/world/rare-van-gogh-masterpiece-street-scene-montmartre-sells-15-4-n1262131,rare van gogh masterpiece sells million,nbc,1,2
412,https://www.nbcnews.com/pop-culture/pop-culture-news/britney-spears-attorneys-file-petition-requesting-father-jamie-spears-resign-n1262037,britney spears attorney files petition requesting father jamie spears resign conservator,nbc,1,2
413,https://www.nbcnews.com/news/us-news/chrissy-teigen-says-goodbye-twitter-deletes-her-account-n1262015,chrissy teigen says goodbye twitter deletes account,nbc,1,2
414,https://www.nbcnews.com/news/latino/flaco-jimnez-rcna503,grammy winner flaco jimenezs album placed national recording registry,nbc,1,4
415,https://www.nbcnews.com/news/us-news/houston-tumlin-child-actor-talladega-nights-dies-28-n1261980,houston tumlin child actor talladega nights dies,nbc,1,1
416,https://www.nbcnews.com/business/autos/delay-suez-canal-could-cripple-already-struggling-auto-industry-n1262191,delay suez canal could cripple already struggling auto industry,nbc,0,0
417,https://www.nbcnews.com/tech/tech-news/doordash-pushes-back-against-fee-delivery-commissions-new-charges-n1262088,restaurants wall using doordash survive commissions brutal,nbc,0,4
418,https://www.nbcnews.com/nightly-news/video/what-s-behind-the-backup-in-new-furniture-and-appliance-orders-109199941667,whats behind backup new furniture appliance orders,nbc,0,3
419,https://www.nbcnews.com/business/economy/suez-canal-blockage-delaying-estimated-400-million-hour-goods-n1262136,suez canal blockage delaying estimated million hour goods,nbc,0,0
420,https://www.nbcnews.com/news/world/nike-h-m-face-backlash-china-over-xinjiang-cotton-concerns-n1262019,dont buy top fashion brands face fallout fury china uyghur statements,nbc,0,4
421,https://www.nbcnews.com/news/world/egypt-s-suez-canal-still-blocked-huge-ship-leaves-global-n1262038,global trade jam worsens huge ship could stuck weeks like beached whale,nbc,0,2
422,https://www.nbcnews.com/business/economy/latest-weekly-jobless-claims-fall-684-000-lowest-pandemic-began-n1262034,latest weekly jobless claims fall lowest since pandemic began,nbc,0,0
423,https://www.nbcnews.com/business/economy/massive-container-ship-blocking-suez-could-delay-shipments-raise-gas-n1261950,suez blockage could delay global shipments raise gas prices,nbc,0,0
424,https://www.nbcnews.com/news/world/egypt-s-suez-canal-blocked-stranded-container-ship-blown-sideways-n1261891,huge container ship blown sideways dust storm blocks egypts suez canal,nbc,0,0
425,https://www.nbcnews.com/video/makeup-company-brings-inclusivity-to-the-cosmetics-world-100416581761,makeup company brings inclusivity cosmetics world,nbc,0,0
426,https://www.nbcnews.com/video/charities-innovate-to-meet-the-challenges-of-covid-19-96909381668,charities innovate meet challenges,nbc,0,2
427,https://www.nbcnews.com/business/business-news/intel-spending-20-billion-build-two-new-chip-plants-arizona-n1261919,intel spending billion build two new chip plants arizona,nbc,0,3
428,https://www.nbcnews.com/business/business-news/implosion-david-dobrik-s-dispo-shows-dangers-influencer-branding-n1261871,implosion david dobriks dispo shows dangers influencer branding,nbc,0,2
429,https://www.nbcnews.com/business/economy/powell-plays-down-inflation-again-while-yellen-sees-possible-return-n1261824,powell plays inflation yellen sees possible return full employment,nbc,0,2
430,https://www.nbcnews.com/business/business-news/citigroup-ceo-jane-fraser-calls-zoom-free-fridays-pandemic-fatigue-n1261813,citigroup ceo jane fraser calls zoomfree fridays pandemic fatigue grows,nbc,0,0
431,https://www.nbcnews.com/business/business-news/cineworld-reopen-regal-cinemas-next-month-time-godzilla-vs-kong-n1261807,cineworld reopen regal cinemas next month time godzilla vs kong,nbc,0,0
432,https://www.nbcnews.com/business/autos/chips-seating-foam-plastics-parts-shortages-continue-cripple-auto-industry-n1261773,chips seating foam plastics parts shortages continue cripple auto industry,nbc,0,2
433,https://www.nbcnews.com/business/economy/stimulus-checks-hand-consumers-are-ready-buy-are-retailers-ready-n1261528,stimulus checks hand consumers ready shop retailers handle surge,nbc,0,2
434,https://www.nbcnews.com/business/real-estate/supply-homes-sale-fell-almost-30-percent-year-year-largest-n1261746,supply homes sale fell almost percent year year largest amount record,nbc,0,2
435,https://www.nbcnews.com/business/business-news/leon-black-quits-apollo-months-earlier-expected-following-jeffrey-epstein-n1261722,leon black quits apollo months earlier expected following jeffrey epstein investment scandal,nbc,0,4
436,https://www.nbcnews.com/business/business-news/covid-vaccine-jobs-create-mini-hiring-boom-n1261603,health care hiring spree clinics creating thousands jobs amid vaccine rollout,nbc,0,2
437,https://www.nbcnews.com/business/travel/shocked-afraid-blessed-cruise-line-workers-remained-board-months-keep-n1261365,people got crazy stranded cruise line workers describe desperate conditions onboard,nbc,0,3
438,https://www.nbcnews.com/news/us-news/texas-roadhouse-ceo-kent-taylor-dies-amid-covid-struggle-n1261705,texas roadhouse ceo kent taylor dies amid covid struggle,nbc,0,2
439,https://www.nbcnews.com/news/world/carlos-ghosn-japan-charges-two-americans-helping-ex-nissan-ceo-n1261703,two americans charged helping exnissan ceo flee japan,nbc,0,2
440,https://www.nbcnews.com/business/business-news/businesses-austin-texas-feel-pain-sxsw-going-virtual-n1261624,businesses austin texas feel pain sxsw going virtual,nbc,0,2
441,https://www.nbcnews.com/business/travel/if-you-received-travel-credit-or-voucher-canceled-trip-last-n1261558,know pandemic flight credits,nbc,0,0
442,https://www.nbcnews.com/business/travel/vaxications-catch-trips-pent-demand-fuel-travel-surge-n1261573,vaxications catchup trips pentup demand fuel travel surge,nbc,0,4
443,https://www.nbcnews.com/business/economy/fed-will-not-extend-pandemic-crisis-rule-had-allowed-banks-n1261538,fed extend pandemiccrisis rule allowed banks relax capital levels,nbc,0,0
444,https://www.nbcnews.com/business/autos/gm-backed-lordstown-motors-downplays-accusations-it-faked-preorders-n1261341,gmbacked lordstown motors downplays accusations faked preorders,nbc,0,4
445,https://www.nbcnews.com/business/travel/next-frontier-air-travel-digital-passports-proof-vaccination-n1261338,airlines test new digital passports proof vaccination covid test results,nbc,0,2
446,https://www.nbcnews.com/business/business-news/irs-pushes-tax-filing-deadline-one-month-may-15-n1261326,irs push tax filing deadline may,nbc,0,2
447,https://www.nbcnews.com/business/business-news/disneyland-reopen-april-30-disney-ceo-bob-chapek-says-n1261305,disneyland reopen april disney ceo bob chapek says,nbc,0,2
448,https://www.nbcnews.com/business/business-news/passengers-ready-reclaim-lost-period-says-delta-air-lines-ceo-n1261259,passengers ready reclaim lost period says delta air lines ceo,nbc,0,2
449,https://www.nbcnews.com/business/travel/flight-attendants-have-faced-rough-year-health-risks-layoffs-anti-n1261243,flight attendants year risk layoffs antimaskers,nbc,0,1
450,https://www.nbcnews.com/business/markets/black-monday-year-after-historic-market-rout-wall-street-reflects-n1261201,black monday year historic market rout wall street reflects got right wrong,nbc,0,2
451,https://www.nbcnews.com/business/travel/can-airports-meet-challenge-surge-summer-travelers-n1261124,airports meet challenge surge summer travelers,nbc,0,2
452,https://www.nbcnews.com/business/business-news/elon-musk-has-officially-been-made-technoking-tesla-n1261078,elon musk officially made technoking tesla,nbc,0,2
453,https://www.nbcnews.com/tech/tech-news/tenant-screening-software-faces-national-reckoning-n1260975,tenants lawmakers say time crackdown tenant screenings,nbc,0,4
454,https://www.nbcnews.com/news/us-news/u-s-airport-passengers-hit-highest-level-march-2020-n1261031,us airport passengers hit highest level since march,nbc,0,2
455,https://www.nbcnews.com/news/latino/meatpacking-workers-feel-ignored-alone-vaccine-prioritization-rcna403,dont care us meatpacking workers feel ignored alone vaccine prioritization,nbc,0,2
456,https://www.nbcnews.com/business/consumer/blind-americans-face-roadblocks-booking-online-vaccine-appointments-n1260954,blind americans face roadblocks booking online vaccine appointments,nbc,0,2
457,https://www.nbcnews.com/business/business-news/one-year-later-many-dry-cleaners-are-still-hanging-thread-n1259642,one year later many dry cleaners still hanging thread,nbc,0,1
458,https://www.nbcnews.com/tech/tech-news/buyer-69-million-beeple-nft-crypto-investor-using-pseudonym-metakovan-rcna409,buyer million beeple nft crypto investor using pseudonym metakovan,nbc,0,2
459,https://www.nbcnews.com/business/autos/auto-industry-pandemic-changed-everything-n1260926,auto industry pandemic changed everything,nbc,0,0
460,https://www.nbcnews.com/business/business-news/farmers-charge-keeping-america-fed-say-past-year-has-been-n1260816,farmers charge keeping america fed say past year feast famine,nbc,0,2
461,https://www.nbcnews.com/business/business-news/housing-market-stands-tipping-point-after-stunningly-successful-year-during-n1260860,housing market tipping point stunningly successful year,nbc,0,2
462,https://www.nbcnews.com/business/business-news/relief-bill-will-provide-crucial-funds-struggling-live-entertainment-venues-n1260722,relief bill aid struggling live entertainment venues,nbc,0,2
463,https://www.nbcnews.com/business/consumer/stimulus-checks-could-hit-some-bank-accounts-soon-weekend-white-n1260725,stimulus checks could hit bank accounts soon weekend white house says,nbc,0,2
464,https://www.nbcnews.com/business/economy/stimulus-bill-contains-billions-shore-daycare-centers-parents-child-care-n1260697,bidens newly signed rescue plan help get parents back work supporting child care,nbc,0,0
465,https://www.reuters.com/article/us-soccer-olympics-concacaf-hdn-usa-krei/soccer-us-mens-team-devastated-at-failing-to-qualify-for-olympics-coach-idUSKBN2BL0T2,soccer us mens team devastated failing qualify olympics coach,Reuters,4,0
466,https://www.reuters.com/article/us-icehockey-nhl-roundup/nhl-roundup-capitals-start-quick-hold-off-rangers-idUSKBN2BL0DD,nhl roundup capitals start quick hold rangers,Reuters,4,0
467,https://www.reuters.com/article/us-soccer-worldcup-srb-por/serbia-portugal-could-have-avoided-ronaldo-fury-says-uefa-idUSKBN2BL17Y,serbia portugal could avoided ronaldo fury says uefa,Reuters,4,2
468,https://www.reuters.com/article/us-cycling-france/bouhanni-faces-disciplinary-action-after-clash-with-stewart-in-france-uci-idUSKBN2BL18J,bouhanni faces disciplinary action clash stewart france uci,Reuters,4,1
469,https://www.reuters.com/article/us-motor-f1-bahrain-masi/f1-race-director-denies-inconsistency-on-track-limit-rules-idUSKBN2BL1VF,race director denies inconsistency track limit rules,Reuters,4,2
470,https://www.reuters.com/article/us-motor-f1-bahrain/motor-racing-sandwich-wrapper-wrecked-alonsos-comeback-race-idUSKBN2BL17J,motor racing sandwich wrapper wrecked alonsos comeback race,Reuters,4,4
471,https://www.reuters.com/article/us-golf-women/olympic-hopes-driving-me-on-says-park-after-kia-win-idUSKBN2BL0XV,olympic hopes driving says park kia win,Reuters,4,2
472,https://www.reuters.com/article/us-baseball-mlb-roundup/spring-training-roundup-rays-blast-braves-behind-12-run-eighth-idUSKBN2BL023,spring training roundup rays blast braves behind eighth,Reuters,4,1
473,https://www.reuters.com/article/us-olympics-2020-test-events/overseas-athletes-may-be-able-to-take-part-in-olympic-test-events-organisers-say-idUSKBN2BL0RV,overseas athletes may able take part olympic test events organisers say,Reuters,4,2
474,https://www.reuters.com/article/us-basketball-nba-roundup/nba-roundup-devin-booker-leads-suns-to-ot-win-over-hornets-idUSKBN2BL0WT,nba roundup devin booker leads suns ot win hornets,Reuters,4,4
475,https://www.reuters.com/article/basketball-nba-den-atl/jamychal-green-leads-nuggets-past-hawks-idUSMTZXEH3TPOCSLE,jamychal green leads nuggets past hawks,Reuters,4,2
476,https://www.reuters.com/article/basketball-nba-tor-por/trail-blazers-defeat-raptors-for-3rd-straight-road-win-idUSMTZXEH3TPL6HE0,trail blazers defeat raptors straight road win,Reuters,4,1
477,https://www.reuters.com/article/us-baseball-mlb-pit-frazier/todd-frazier-opts-out-of-pirates-deal-idUSKBN2BK0OB,todd frazier opts pirates deal,Reuters,4,0
478,https://www.reuters.com/article/us-baseball-mlb-chc-sogard-duffy/cubs-select-contracts-of-veteran-ifs-eric-sogard-matt-duffy-idUSKBN2BK0O8,cubs select contracts veteran ifs eric sogard matt duffy,Reuters,4,3
479,https://www.reuters.com/article/us-tennis-miami-barty/barty-ready-to-spend-rest-of-2021-season-away-from-home-idUSKBN2BJ0NJ,barty ready spend rest season away home,Reuters,4,2
480,https://www.reuters.com/article/icehockey-nhl-stl-ana/ducks-rally-from-2-0-deficit-beat-blues-in-ot-idUSMTZXEH3TPER4YZ,ducks rally deficit beat blues ot,Reuters,4,3
481,https://www.reuters.com/article/icehockey-nhl-dal-fla/jonathan-huberdeaus-two-goals-lead-panthers-past-stars-idUSMTZXEH3TPI7U81,jonathan huberdeaus two goals lead panthers past stars,Reuters,4,2
482,https://www.reuters.com/article/us-golf-pga-wgc-match-play-recap/rory-mcilroy-sends-tee-shot-into-pool-loses-at-wgc-match-play-idUSKBN2BH050,rory mcilroy sends tee shot pool loses wgc match play,Reuters,4,0
483,https://www.reuters.com/article/us-golf-matchplay-rahm/expectant-father-rahm-prepared-to-leave-masters-for-sons-birth-idUSKBN2BF2AT,expectant father rahm prepared leave masters sons birth,Reuters,4,4
484,https://www.reuters.com/article/us-esports-callofduty-lon-zed/london-royal-ravens-sign-zed-to-replace-alexx-idUSKCN2AV2KG,london royal ravens sign zed replace alexx,Reuters,4,4
485,https://www.reuters.com/article/us-esports-business-north/north-esports-dissolving-due-to-covid-19-financial-impact-idUSKBN2A528T,north esports dissolving due financial impact,Reuters,4,4
486,https://www.reuters.com/article/us-soccer-worldcup-cym-can/soccer-canada-v-cayman-islands-world-cup-qualifier-postponed-over-covid-19-tests-idUSKBN2BK0NM,soccer canada cayman islands world cup qualifier postponed tests,Reuters,4,0
487,https://www.reuters.com/article/us-soccer-concacaf-olympics/soccer-match-official-tests-covid-19-positive-at-concacaf-olympic-qualifier-idUSKBN2BK0K8,soccer match official tests positive concacaf olympic qualifier,Reuters,4,0
488,https://www.reuters.com/article/us-motor-nascar-instacart-500-recap/martin-truex-jr-finally-prevails-at-phoenix-raceway-idUSKBN2B702V,martin truex jr finally prevails phoenix raceway,Reuters,4,2
489,https://www.reuters.com/article/us-motor-f1-bahrain-exclusive/exclusive-max-title-would-be-red-bulls-best-yet-says-horner-idUSKBN2BH24X,exclusive max title would red bulls best yet says horner,Reuters,4,2
490,https://www.reuters.com//article/us-motor-f1-dumfries/dumfries-marquess-and-former-f1-team-mate-of-senna-dead-at-62-idUSKBN2BF001,dumfries marquess former team mate senna dead,Reuters,4,2
491,https://www.reuters.com/article/us-football-nfl-min-woods/reports-vikings-sign-s-xavier-woods-to-one-year-deal-idUSKBN2BK000,reports vikings sign xavier woods oneyear deal,Reuters,4,4
492,https://www.reuters.com/article/us-football-nfl-sf-sanu-49ers/49ers-sign-wr-mohamed-sanu-idUSKBN2BJ0NZ,sign wr mohamed sanu,Reuters,4,2
493,https://www.reuters.com/article/us-cricket-india-stadium-modi/india-renames-worlds-largest-cricket-stadium-after-pm-modi-idUSKBN2AO1GT,india renames worlds largest cricket stadium pm modi,Reuters,4,0
494,https://www.reuters.com/article/us-cricket-usa-league/ipls-knight-riders-buy-stake-in-u-s-based-major-league-cricket-idUSKBN28B5FM,ipls knight riders buy stake usbased major league cricket,Reuters,4,1
495,https://www.reuters.com/article/us-sailing-americas-cup/sailing-nz-accepts-british-americas-cup-challenge-nationality-rule-added-idUSKBN2BB08Q,sailing nz accepts british americas cup challenge nationality rule added,Reuters,4,0
496,https://www.reuters.com/article/us-sailing-americas-cup/sailing-team-new-zealand-savour-americas-cup-triumph-in-home-waters-idUSKBN2B90GK,sailing team new zealand savour americas cup triumph home waters,Reuters,4,0
497,https://www.reuters.com/article/us-sport-yearender-rugby/rugby-concussion-case-casts-dark-cloud-over-the-sport-idUSKBN28S07V,rugbyconcussion case casts dark cloud sport,Reuters,4,3
498,https://www.reuters.com/article/us-rugby-union-championship-aus-arg/student-sings-australian-national-anthem-in-indigenous-language-before-rugby-match-idUSKBN28F0HO,student sings australian national anthem indigenous language rugby match,Reuters,4,2
499,https://www.reuters.com/article/us-athletics-britain-marathon/veteran-thompson-wins-uk-marathon-trials-in-kew-gardens-idUSKBN2BI1GZ,athleticsveteran thompson wins uk marathon trials kew gardens,Reuters,4,2
500,https://www.reuters.com/article/us-usa-markets-blocktrades/nomura-credit-suisse-warn-of-big-losses-after-archegos-share-dump-idUSKBN2BK0OR,nomura credit suisse warn big losses archegos share dump,Reuters,0,3
501,https://www.reuters.com/article/us-usa-stocks/sp-500-nasdaq-open-lower-on-hedge-fund-default-concerns-idUSKBN2BL1AK,sp nasdaq open lower hedge fund default concerns,Reuters,0,3
502,https://www.reuters.com/article/us-grindr-m-a-cfius-exclusive/exclusive-grindrs-u-s-security-review-disclosures-contradicted-statements-made-to-others-idUSKBN2BL153,exclusive grindrs us security review disclosures contradicted statements made others,Reuters,0,2
503,https://www.reuters.com/article/us-softbank-group-coupang/softbanks-son-eyes-bringing-coupang-services-to-japan-idUSKBN2BL1VA,softbanks son eyes bringing coupang services japan,Reuters,0,2
504,https://www.reuters.com/article/us-egypt-suezcanal-ship-refloat/traffic-in-suez-canal-resumes-after-stranded-ship-refloated-idUSKBN2BL1VK,traffic suez canal resumes stranded ship refloated,Reuters,0,0
505,https://www.reuters.com/article/us-wework-m-a-bowx-acquisition-neumann/exclusive-adam-neumanns-final-wework-act-helping-softbanks-spac-deal-idUSKBN2BL1EF,exclusive adam neumanns final wework act helping softbanks spac deal,Reuters,0,2
506,https://www.reuters.com/article/us-johnson-johnson-ceo-compensation-excl/exclusive-jj-ceo-pay-irks-investors-upset-with-opioid-lawsuits-fallout-idUSKBN2BL16O,exclusive jj ceo pay irks investors upset opioid lawsuits fallout,Reuters,0,2
507,https://www.reuters.com/article/us-southwest-boeing-orders/southwest-airlines-adds-100-orders-for-boeing-737-max-jet-idUSKBN2BL1GZ,southwest airlines adds orders boeing max jet,Reuters,0,4
508,https://www.reuters.com/article/us-3m-earplugs-trial/we-trusted-that-our-equipment-would-work-says-army-vet-as-u-s-trial-over-3m-earplugs-begins-idUSKBN2BL157,trusted equipment would work says army vet us trial earplugs begins,Reuters,0,2
509,https://www.reuters.com/article/us-crypto-currency-visa-exclusive/exclusive-visa-moves-to-allow-payment-settlements-using-cryptocurrency-idUSKBN2BL0X9,exclusive visa moves allow payment settlements using cryptocurrency,Reuters,0,2
510,https://www.reuters.com/article/us-new-york-cuomo/aides-to-new-york-governor-cuomo-subpoenaed-in-sexual-harassment-probe-wsj-idUSKBN2BJ043,aides new york governor cuomo subpoenaed sexual harassment probe wsj,Reuters,3,3
511,https://www.reuters.com/article/us-usa-biden-guns/biden-looks-into-taking-action-on-3d-printer-guns-imported-firearms-idUSKBN2BI384,biden looks taking action printer guns imported firearms,Reuters,3,4
512,https://www.reuters.com/article/us-usa-georgia-voting/biden-attacks-georgias-new-voting-limits-as-an-atrocity-civil-rights-groups-sue-state-idUSKBN2BI2BP,biden attacks georgias new voting limits atrocity civil rights groups sue state,Reuters,3,1
513,https://www.reuters.com/article/us-usa-congress-security/pelosi-picks-first-black-american-to-lead-u-s-house-security-idUSKBN2BI2Y7,pelosi picks first black american lead us house security,Reuters,3,3
514,https://www.reuters.com/article/us-usa-election-media-insight/conservative-news-outlets-accused-of-election-falsehoods-air-disclaimers-idUSKBN2BI1II,conservative news outlets accused election falsehoods air disclaimers,Reuters,3,3
515,https://www.reuters.com/article/us-usa-biden/biden-compares-xi-to-putin-republican-voting-restriction-plans-to-segregation-era-laws-idUSKBN2BH1AY,biden compares xi putin republican voting restriction plans segregationera laws,Reuters,3,1
516,https://www.reuters.com/article/us-usa-georgia-voting/georgia-bans-giving-water-to-voters-in-line-under-sweeping-restrictions-idUSKBN2BH2TC,georgia bans giving water voters line sweeping restrictions,Reuters,3,3
517,https://www.reuters.com/article/us-usa-senate-proxy/u-s-senate-democrats-aim-to-undo-trump-era-shareholder-voting-rights-rule-idUSKBN2BI2BS,us senate democrats aim undo trumpera shareholder voting rights rule,Reuters,3,1
518,https://www.reuters.com/article/us-tech-usa-amazon/amazons-social-media-team-bares-its-teeth-in-washington-idUSKBN2BI36K,amazons social media team bares teeth washington,Reuters,3,1
519,https://www.reuters.com/article/us-usa-georgia-voting-whitehouse/white-house-says-biden-is-concerned-about-new-georgia-election-law-idUSKBN2BI2SE,white house says biden concerned new georgia election law,Reuters,3,3
520,https://www.reuters.com/article/us-usa-markets-blocktrades/nomura-credit-suisse-warn-of-big-losses-after-archegos-share-dump-idUSKBN2BK0OR,nomura credit suisse warn big losses archegos share dump,Reuters,3,3
521,https://www.reuters.com/article/us-usa-stocks/sp-500-nasdaq-open-lower-on-hedge-fund-default-concerns-idUSKBN2BL1AK,sp nasdaq open lower hedge fund default concerns,Reuters,3,3
522,https://www.reuters.com/article/us-egypt-suezcanal-ship/hopes-of-reopening-suez-canal-boosted-by-partial-refloating-of-jammed-ship-idUSKBN2BL0A3,hopes reopening suez canal boosted partial refloating jammed ship,Reuters,3,0
523,https://www.reuters.com/article/us-crypto-currency/bitcoin-jumps-to-one-week-high-above-58000-idUSKBN2BL1P8,bitcoin jumps oneweek high,Reuters,3,3
524,https://www.reuters.com/article/us-wework-m-a-bowx-acquisition-neumann/exclusive-adam-neumanns-final-wework-act-helping-softbanks-spac-deal-idUSKBN2BL1EF,exclusive adam neumanns final wework act helping softbanks spac deal,Reuters,3,2
525,https://www.reuters.com/article/us-3m-earplugs-trial/we-trusted-that-our-equipment-would-work-says-army-vet-as-u-s-trial-over-3m-earplugs-begins-idUSKBN2BL157,trusted equipment would work says army vet us trial earplugs begins,Reuters,3,2
526,https://www.reuters.com/article/us-belgium-art-vaneyck/belgium-unveils-new-showcase-for-ill-treated-ghent-masterpiece-idUSKBN2BI21C,belgium unveils new showcase illtreated ghent masterpiece,Reuters,1,3
527,https://www.reuters.com/article/us-health-coronavirus-hungary-wellis/spas-closed-no-problem-hungarian-hot-tub-makers-got-you-covered-idUSKBN2BL1OH,spas closed problem hungarian hot tub makers got covered,Reuters,1,2
528,https://www.reuters.com/article/us-health-coronavirus-britain-royals/british-royal-kate-launches-book-of-portraits-to-remember-pandemic-idUSKBN2BK008,british royal kate launches book portraits remember pandemic,Reuters,1,0
529,https://www.reuters.com/article/us-health-coronavirus-argentina-art/pain-into-beauty-argentine-sculptor-turns-pandemic-waste-into-art-idUSKBN2BI1J1,pain beauty argentine sculptor turns pandemic waste art,Reuters,1,0
530,https://www.reuters.com/article/us-health-coronavirus-france-cheese/frances-lockdown-vice-cheese-idUSKBN2BI29X,frances lockdown vice cheese,Reuters,1,3
531,https://www.reuters.com/article/us-health-coronavirus-hungary-doctor/through-war-and-pandemics-hungarys-oldest-gp-still-finds-joy-in-healing-at-97-idUSKBN2BI1SE,war pandemics hungarys oldest gp still finds joy healing,Reuters,1,0
532,https://www.reuters.com/article/us-senegal-artist-omar-ba/senegalese-artist-omar-ba-tackles-politics-and-the-pandemic-with-paint-idUSKBN2BH1AN,senegalese artist omar ba tackles politics pandemic paint,Reuters,1,0
533,https://www.reuters.com/article/us-usa-biden-dog/bidens-rescue-pet-returns-to-white-house-after-more-training-for-life-as-a-first-dog-idUSKBN2BG2XH,bidens rescue pet returns white house training life first dog,Reuters,1,1
534,https://www.reuters.com/article/us-science-maya/maya-ruins-in-belize-offer-peek-at-ancient-wealth-inequality-idUSKBN2BG2V8,maya ruins belize offer peek ancient wealth inequality,Reuters,1,0
535,https://www.reuters.com/article/us-health-coronavirus-hungary-zoo/reeling-from-pandemic-hungarian-zookeeper-puts-price-tag-on-his-lifes-work-idUSKBN2BG1K2,reeling pandemic hungarian zookeeper puts price tag lifes work,Reuters,1,0
